Name,1. What is your max price point for this product? (Please specify an amount in USD.),"2. How important is the eco-friendly and durable design of PupStrings to your purchasing decision? (1 = Not Important, 5 = Very Important)","3. To what extent do you believe that the multi-sensory approach (sound, scent, touch) will keep your dog engaged and learning? (1 = Not Effective, 5 = Very Effective)","4. How likely are you to use the interactive app features like progress tracking and community engagement? (1 = Not Likely, 5 = Very Likely)",5. Describe how you think the reward-based program would affect your dog's learning and enjoyment.,"6. How important is the usability of the product for both you and your pet? (1 = Not Important, 5 = Very Important)",7. What customization options would you find most valuable to tailor PupStrings to your dog’s needs?,"8. How does the promise of a safe and family-friendly product influence your interest in purchasing PupStrings? (1 = No Influence, 5 = Major Influence)",9. How appealing do you find the concept of bonding with your dog over a shared musical activity?,10. What additional features or improvements would you suggest to enhance PupStrings for your specific household?
Grace Robinson,250,5,5,5,"The treat dispenser would be a great motivator for my dog, encouraging faster learning and making the experience positive.",5,Color and scent options for different dog preferences.,5,I find it extremely appealing as it combines my love for music with pet bonding.,Adjustable sizing for different breeds and app notifications.
Aiden Brooks,200,4,4,4,Involving treats would definitely capture my dog's attention and make training a fun activity.,5,Ability to adjust lesson difficulty based on progress.,4,"I love the idea, especially since it could introduce music to my daily routine with my dog.",Waterproof features for usage in all scenarios.
Chloe Bennett,300,5,5,3,"My dog would likely work hard for treats, making the training both playful and rewarding.",4,Personalized training plans based on dog's musical progress.,3,"It’s an interesting concept, but I would need to see how my dog responds first.",Integration with other pet products and services.
Logan Cooper,225,4,5,5,Positive reinforcement with treats would likely enhance my dog's enjoyment and effectiveness in learning.,5,Variety in scent strength for individualized learning.,5,I am excited to try this new pet activity as a unique enrichment tool.,Enhanced app features for deeper insights.
Lily Torres,275,4,5,4,The program would be excellent in motivating learning and ensuring positive associations with guitar play.,5,Modification of scent markers for more acute guidance.,4,"Very appealing, providing a fun, shared activity I haven’t seen before.",Advanced AI feedback for increased accuracy.
Jayden Scott,230,3,4,5,"I think my dog would appreciate the treats as rewards, leading to a more engaged learning experience.",5,Integration with smart home systems to facilitate learning.,5,A fantastic idea that would truly enhance our bond.,Adding more complex tunes as the dog progresses.
Natalie Murphy,320,3,2,3,"Rewarding with treats would likely help, although I'm hesitant about the overall engagement level.",3,Simplified interface for ease of use between different family members.,4,"I appreciate the bonding angle, albeit with some initial skepticism.",Interactive elements for other pets.
Hunter Richardson,260,4,3,3,"While treat rewards could incentivize some level of interest, it might require encouragement from my side.",3,Adjustability in guitar size for various dog breeds.,2,Not the most appealing activity but still interesting as a concept.,Extended battery life for continuous use.
Zoe James,240,5,5,5,"The treat-based program is a brilliant motivator, combining play with learning.",5,Options for varying difficulty in lessons.,5,"Highly appealing, it would make learning fun and interactive for both of us.",Real-time feedback enhancement.
Carson Reed,210,5,3,4,"Treats could provide positive feedback, leading to a joyful learning session for my dog.",4,Multi-user support for my entire household's involvement.,5,A very appealing approach to dog enrichment and bonding.,Environmentally friendly recharge options.
Victoria Bell,290,3,4,4,"My dog loves treats, so this would be a very effective way to encourage progress.",4,Ability to synchronize with other pet-educational products for streamlined learning.,5,I find it a unique way to engage with my pet.,Custom soundtracks based on dog's progress.
Gabriel Foster,235,4,3,3,It's a good motivational tool but may need additional encouragement.,4,Enhanced scent customization for unique learning paths.,3,The bonding aspect is appealing but secondary to product effectiveness.,"Smarter, AI-driven personalization."
Samantha Ward,260,4,5,5,This program would likely make the learning experiences memorable and fun for my dog.,5,Optional treat dispenser customization to fit different treats.,4,The prospect of bonding through music is very exciting.,More durable multi-touch dog pads.
Landon Bailey,200,4,4,4,Treats are always a great motivator and would enhance my dog's enthusiasm towards learning.,4,Flexible learning paths for different learning styles.,4,I like the idea of engaging activities with my dog.,High contrast design for improved usability.
Layla Hughes,310,5,5,5,A great tool that would encourage my dog to exceed learning expectations by associating success with treats.,5,Special scent customization for unique dog preferences.,5,I find the idea very appealing and look forward to experiencing this bonding activity.,Advanced progress analytics in the app.
Jacob Price,240,5,3,2,"While the treat system is promising, it may not be sufficient without personal engagement.",5,More variation in scent options for personalized learning.,3,Interesting concept but not as engaging for me personally.,Enhanced portability for travels.
Ella Reed,220,4,4,4,Treat-based motivation could bridge the learning gap more effectively.,4,Increased choices for scent-based cues.,4,"Very appealing, as it offers a shared hobby opportunity.",Automatic updates for app functionalities.
Lucas Rivera,330,5,4,3,"While it could improve learning capabilities, the treat system might not be enough for sustained engagement.",3,Additional layers of customization for individual dog needs.,4,I like the concept of creating music memories with my pet.,More interactive community features.
Stella Morgan,215,5,2,3,Treat rewards are a good idea but I feel my dog might lose interest quickly without new motivators.,5,Diverse scent profile configurations.,2,The idea seems appealing but would require a thorough trial.,More robust add-ons for long-term usage.
Henry Cox,275,5,4,5,I believe treats are a great way to keep my dog engaged and progressing.,5,Adjustable scent intensity for a more personalized experience.,5,Combining music with pet bonding sounds very intriguing.,Greater durability for rugged usage.
Aria Peterson,285,3,4,3,"While a useful method for learning, the effectiveness will depend on the Vpet’s interest level.",4,A wide range of scent markers that appeal to different dogs.,4,I find this bonding opportunity exciting.,Ease of cleaning for the product components.
Brayden Gray,250,4,3,3,"Treats could work well, but more engagement may be needed from my side.",4,Customized scent options for more tailored learning experiences.,4,An innovative concept that brings music into playtime.,Enhanced user interface and support.
Scarlett Perry,320,4,5,5,The rewarding system is excellent and would maintain my dog’s interest while learning.,5,Choice of scents to match specific dog preferences.,5,Very appealing approach to bonding with a unique educational concept.,Optimized performance for device compatibility.
Julian Collins,230,5,4,4,Positive reinforcement with treats would likely increase my dog's learning speed and enjoyment.,4,Custom scent markers for improved engagement.,5,A fascinating idea that could deepen the bond with my dog.,Safety certification for product features.
Audrey Jenkins,235,3,4,4,"Treats serve as an effective encouragement tool, promoting interest and learning.",5,Varying difficulty levels to suit different dogs.,5,Sharing a musical hobby with my pet is very appealing.,Advanced AI insights for improved learning feedback.
Nolan Simpson,260,5,3,3,Using treats to reward progress could enhance learning efficiency.,4,Personalized scent profiles for each dog.,3,The idea is appealing but would require time to evaluate effectiveness.,Increased variety of musical sounds.
Savannah Hayes,280,4,4,4,The program could notably increase my dog’s engagement and joyful learning sessions.,4,Advanced scent personalization.,5,"Great concept, bonding through shared activities is always rewarding.",Voice-controlled capabilities.
Eli Young,310,5,5,3,Engagement with treats could enhance interaction and learning capabilities.,4,Flexible scent combinations for personalized guidance.,4,A wonderful approach to introducing music into our routine.,Wider selection of learning themes.
Grace Williams,275,4,3,4,Rewarding with treats is an efficient way to foster learning motivation for my dog.,3,Enhanced app features for better learning engagement.,4,I look forward to engaging through shared musical activities.,Support for a variety of pet sizes.
Sebastian Clemens,240,4,4,4,Positive reinforcement through treats could effectively support my dog's interest and learning.,4,Improved scent and sound customization.,4,The idea is appealing and could foster unique bonding experiences.,"Simplified, intuitive app interactions."
Violet Cook,225,4,5,5,A great method that could improve the learning curve for my dog.,5,Variety in scent intensity and patterns for different dogs.,5,An enticing idea that introduces music as a fun activity with my pet.,Resizable components for flexible usage.
Lucas Ross,325,5,3,3,"Although rewarding with treats is a good learning strategy, it might need to be combined with other methods for my dog.",3,Broader scent and touch customization.,3,Interesting but secondary to practical usage.,Support for complex training compositions.
Chloe Green,230,5,5,5,The reward system should advance my dog's learning capabilities swiftly.,5,Enhanced touch and scent configurations for greater effectiveness.,5,"Extremely appealing, innovative, and promising for bonding experiences.",AI-driven ongoing enhancement of learning programs.
Bella Lewis,220,4,4,4,Treat-based rewards would encourage my dog's continued interest and learning in the activity.,4,Adjustable difficulty settings for varied learning speeds.,4,Combining music with bonding sounds fascinating and enjoyable.,Flexibility in app settings.
Oliver Baker,300,5,5,5,The use of treats would likely improve engagement and reinforce positive associations with the instrument.,5,Advanced scent options.,4,Bonding over a musical activity is a great way to enjoy time with my pet.,Automated progress tracking updates.
Mia Mitchell,205,3,5,5,Treat rewards are a fun and motivating strategy for effective learning.,5,Interactive scent cues to fit individual dog preferences.,5,"Very appealing, offering a unique bonding experience.",Remote user management options.
Jackson Turner,250,4,4,4,Rewarding positive behavior with treats seems a good strategy for enhancing learning.,5,Scent customization options.,4,The idea is appealing as it offers a fun interaction with my dog.,Increased app functionality and connectivity.
Amelia Moore,275,3,4,3,"Using treats, the program seems capable of boosting my dog's interest in music.",4,Scent variations to target specific learning objectives.,4,A unique concept for bonding over enjoyable activities.,Robust functionality in diverse environments.
Benjamin Nelson,235,5,4,4,The prospect of using treats for encouragement is beneficial in supporting learning.,4,Matching scent profiles to pet characteristics.,5,Musical bonding is very appealing and offers a new pastime opportunity.,Comprehensive user support resources.
Madison Hughes,210,4,4,5,Treat rewards would likely be a fun and motivational part of learning.,5,Enhanced learning customization options.,4,"Extremely appealing, as it's a totally fresh way to engage with my pet.",More accessible user interface.
Leo Gomez,345,5,5,3,Incorporating treats is likely a good way to engage with my dog’s learning process.,4,Custom scent markers are essential for effective training.,4,A compelling approach to combine hobbies with pet engagement.,Integration features for other connected devices.
Luna Phillips,220,3,3,4,"Although a good method, treats alone may not sustain interest in my household.",4,Enhanced scent markers for effective training.,3,An interesting activity but not the main focus for me.,More robust instructional videos.
Carter Martinez,270,4,4,4,A solid encouragement method that could influence the learning process in a positive manner.,4,Custom scent and sound options for tailored training.,5,The concept is engaging and supportive of bonding efforts.,App-user feedback integration.
Scarlett Evans,280,5,4,3,"Treat-based learning seems effective, although personal involvement will be required.",5,Wide-ranging scent customizations for effective training.,3,"Interesting, yet effectiveness needs to be verified.",Enhanced compatibility with household tech.
Riley Parker,255,5,4,5,The treat program is likely to promote strong interest and sustained learning efforts.,5,Personalized scent options for optimized learning.,5,Appealing due to its innovative nature and fun potential for bonding.,Additional app features that provide holistic insights.
David Bryant,235,5,4,5,"A motivating factor in learning, offering a playful path to mastering guitar for my dog.",5,Flexibility in scent and sensor options for targeted training.,4,"The concept of shared hobbies is exciting, combining two interests into one.",Quicker response times for feedback.
Gabriel Hayes,320,4,5,5,"Would likely improve learning enthusiasm, keeping lessons fun and engaging.",5,Various scent options to fit unique dog learning styles.,5,"Extremely appealing, offering a fresh take on pet hobbies.",Extended scent varieties and personalization.
Peyton Torres,275,4,3,3,The program would give my dog a tangible reason to engage with musical play.,4,Improved scent customization for more personalized resonance.,3,"A nice idea, though it might require extra incentive for consistent use.",Usability across diverse settings.
Camila Brooks,230,4,5,5,Incentivizing learning with treats is effective and is likely to enhance my dog’s enthusiasm.,5,Customizable scent combinations matching dog preferences.,4,The idea of bonding through a new type of educational activity is refreshing.,Simplified support forums.
Wyatt Campbell,245,3,4,3,"While treat rewards can be effective, I'll have to gauge how my dog responds to musical activities.",4,Scent support for diverse learning needs.,3,"It’s an interesting bonding idea, but I'm cautious about overall engagement.",Easier scent replacement process.
Zoe Jenkins,215,5,5,4,Treats are likely to maintain my dog’s interest and progress in musical learning.,5,Optional scents that align with dog preferences.,5,"I find the concept engaging and innovative, offering a shared experiential enrichment.",Tailored scent intensity adjustments.
Oliver Nelson,300,4,3,3,"Incorporating treats is a strong motivator, but personal interaction will play a big role.",3,Stylized scent markers to direct learning.,4,"Interesting potential for bonding, albeit with a trial period.",AI advancement for more precise dog engagement.
Mila Stewart,250,4,4,5,"The reward system elevates the experience, promoting joy and efficiency in learning.",5,Choice of scents for improving involvement.,5,"Very appealing, facilitates enjoyable experiences through unique learning exercises.",Best practices incorporation for community engagement.
Dominic Flores,275,5,4,3,"While the system has good potential, additional support may enhance learning.",4,Greater range of scent and touch markers.,3,"The concept holds potential for bonding, but skepticism may need addressing first.",Paired learning plans for comprehensive results.
Scarlett Cruz,280,5,5,4,A great method for adding fun to the learning and bonding process with my dog.,5,Dynamic scent modifications that cater exactly to my dog.,4,I find the idea of bonding over music enriching and interesting.,Heightened AI assessment for progression.
Angel Jackson,230,4,3,3,The treat-based method could be effective over short periods.,4,Flexible scent markers for diverse training.,3,"Innovative, but might need some time to evaluate effectiveness with my dog.",Expanded scent variation options.
Alexa Lee,245,3,5,5,"A fantastic way to incorporate learning and fun, enhancing the experience immensely.",5,Broad variety of scent options for optimal training.,5,"Enthusiastically received, as it promises an engaging time with my pet.",Detailed tracking of training progression.
Levi Perez,225,4,4,4,"Treats are a definite motivator, encouraging enthusiastic participation from my dog.",4,Adaptable scent options for individual involvement.,4,"A new, enriching activity merging music and bonding seems compelling.",Interactive sessions for improvement.
Eliza Sanchez,335,5,3,3,"Though effective, extra motivation might be required for consistent learning.",3,Increased scent depth for tailored learning paths.,3,The shared activity idea is appealing but will need personal evaluation.,More robust app-hardware connection.
Ethan Rivera,320,5,4,3,The treat system is effective but might need additional reinforcement.,4,Scent-customization options.,4,The idea holds promise for engaging activities with pets.,Enhanced tuning for more accurate chord playing.
Katherine Price,290,4,4,4,Incentivizing with treats can streamline learning engagement and enjoyment.,4,Customized scent markers for a more tailored experience.,4,I find it a creative effort in pet enrichment.,Improved learning tracking systems.
Isaac Howard,240,4,4,4,Using treats for rewards would likely make learning much more appealing to my dog.,4,Wide-ranging scent possibilities attractively designed.,4,Open to the idea of engaging activities with my dog.,Additional musical sounds for diversity.
Penelope Bell,230,3,5,4,Treat-based motivation seems a good strategy for increasing focus and interest.,5,Custom scent markers to adapt to my dog's needs.,4,I’m excited about such unique bonding opportunities.,Visual progression milestones in the app.
Adam Hayes,260,5,3,3,"While effective, it may need a longer orientation period for my dog.",4,Extensive scent and reward variety.,3,The idea is novel but somewhat cautious until effectiveness is proven.,Peripheral accessories for customization.
Alyssa Ross,210,4,4,4,"Treats would encourage active learning, leading to higher engagement levels.",4,Multi-dimensional scent adjustments.,4,A fascinating take on merging activities with pets.,Enhanced user interface experience.
Jackson Coleman,235,5,3,3,Rewarding positive actions with treats seems a good strategy to encourage progression.,3,Scent and sound combinations for variety.,3,The concept might be interesting but might take time to catch appeal.,AI enhancements for responses.
Ariana Perry,245,4,4,4,Positive reinforcement will be a key component in effective training with treats.,5,Ability to modify scent and sensory markers.,4,Extremely appealing through its innovative bonding approach.,Interactive update guides for users.
Leo Reed,260,5,3,3,Overall effectiveness of the treat method may vary but can promote some learning.,4,Diverse scent combinations for specialized training.,3,"The idea remains engaging, though observations will guide further interest.",Smart notifications for pet owners.
Natalie Flores,275,4,4,4,Treats will positively influence learning and promote sustained interest.,4,Tailoring scent markers to personal preferences.,4,I find this a unique approach to pet engagement.,Direct integration with other pet platforms.
Ryan King,240,3,5,3,The reward system is highly motivating and makes training more enjoyable.,5,Choices in scent composition for better training.,3,"Interesting, though it remains to be seen if it’s fully engaging.",Rapid-learning modes for advanced dogs.
Hailey Hughes,265,4,4,4,"Treats improve learning efficiency, adding an enjoyable element to the training cycle.",4,Diverse scent variation possibilities for individual tuning.,4,The concept of shared hobbies promises enjoyable collaborative experiences.,Augmented reality notes for coordination.
Gavin Gonzalez,310,3,3,3,"While treats have value, additional motivation could enhance the overall experience.",4,Enhanced scent customization.,4,"Innovative, but the practical benefit to bonding needs proving.",Increased customer support for seamless integration.
Aria Sanchez,285,4,5,4,"In terms of excitement, treats offer optimal motivation for keeping the engagement strong.",5,Multi-level scent personalization to fit specific dogs.,4,The bonding element with music invites an enriching perspective.,Advanced sound options for unique compositions.
Lucas Morgan,230,4,3,3,"Though effective to some degree, there's a likelihood of needing more than just treats.",3,Comprehensive scent markers for guided training.,3,Interesting but potentially fragile as a bonding practice.,Interactive product feedback updates.
Grace Griffin,255,5,4,5,Treat-based engagement will likely improve learning enthusiasm and participation.,5,Scalable scent profiles for broader appeal.,5,A fresh merging of learning and bonding activities seems joyful.,Automated scent refills for ease.
Connor Bennett,210,3,5,4,The use of treats is effective in maintaining attention and enhancing enjoyment.,4,Increased flexibility in scent marker arrangement.,4,Engaging and unique; perfect for fostering new avenues of shared interest.,Increased firmware support.
Madison Cooper,200,4,4,4,"A motivational technique, potentially leading to stronger learning outcomes with treats.",5,Scent and lesson layout options for better training.,4,A novel idea but might need consistent engagement support.,Enhanced insights within the app.
Leah Thompson,320,5,3,3,"Although effective initially, the rewarding system might need strong supplementary support.",3,Wide scent variety for in-depth training.,3,The concept offers creativity but will be evaluated for impact.,Extended scent modifications.
Liam Turner,275,4,5,3,Treat based learning will likely elevate attention and retention of musical lessons.,5,Personalized scent approaches for maximizing involvement.,4,The idea of a joint hobby is exciting and unique.,Greater instrument sturdiness.
Ava Rivera,250,4,4,4,The treat method promises great potential for optimizing learning accountability.,4,Adjustable scent markers for targeted learning.,4,Appealing through innovative bonding with pets.,Messenger sync for lesson updates.
Owen Clark,225,3,5,4,Treat consolidation would likely maintain my dog's interest greatly.,5,Scent customization flexibility for individual dogs.,4,Distinctive approach to fostering bonds with my pet.,Concise on-screen guidance.
Stella Phillips,220,5,3,3,"Although beneficial, the system might rely on a mix of measures for optimal learning.",5,Improved scent assortments for stronger engagement.,3,An inviting proposition but with cautious practicality.,Comprehensive app guides.
Michael Carter,310,4,4,3,Treat implementation could enhance my dog’s learning appetite significantly.,4,A versatile selection of scents for personal dog needs.,3,The idea is compelling but may require comprehensive validation.,Smarter feedback integration.
Hannah Evans,230,4,4,4,The program will likely ensure engagement with regular progression through treats.,4,Varied scent paths for tailored learning.,4,An engaging approach towards mutual hobbies.,Expanded sound libraries.
Landon Gold,260,5,5,5,"The treat-based method promises exceptional engagement, linking progress to delight.",5,Wide scent variations for personalization.,5,An appealing combination of entertainment and pet development.,Advanced synchronization tools.
Maya Brooks,290,5,4,4,Incorporating treats maximizes motivation leading to quicker learning.,5,Increased scent and sensory variations.,4,Musical creativity offers exciting bonding possibilities.,Adaptive course guidance.
Nathan Bell,230,4,3,3,"While effective to initiate progress, might require new tactics for sustained learning.",3,Broad scent options for guided learning environments.,3,"Interesting, yet may require time for authentic enjoyment.",Re-release options for learning paths.
Olivia Murphy,245,3,5,4,A substantial motivator for adapting to music-oriented learning progress.,5,Personal scent arrangements.,5,Brings the fascinating concept of dual engagement to life.,Community insights for better guidance.
Jack Torres,310,5,4,3,Treat associations facilitate interest in learning while promoting positive experiences.,4,Scalable scent profiles.,5,An enticing idea for fostering enriching scenarios.,Sharing feature enhancements.
Nora Price,280,5,5,5,Stimulating learning through treats will aid holistic engagement.,5,Dynamic scent configurations.,5,The experience of musical sharing is very appealing.,Responsible material assurances.
James Howard,260,4,3,3,Treats are helpful but may need a broader base for engagement.,3,Diverse scent configurations for better engagement.,3,Intriguing; the product would require consistent interest checks.,Enhanced musical options for variety.
Claire Jenkins,225,5,5,5,"An impressive motivator, helping with direct engagement through treats.",4,Enhanced scent choices for optimum training tendencies.,5,The musical concept is high on appeal for joint activities.,Complex scoring insights.
Mason Morgan,200,3,3,3,"While effective at first, needs additional checks for continued progress.",3,Custom scent arrays for detailed enrichment.,3,"Although potentially appealing, practical impact might require scrutiny.",More affordable scent refills.
Ella Bennett,255,4,4,4,"Treat allocations would improve interest, although future assessment is necessary.",4,Increased scent modality customization.,4,An inviting avenue towards shared leisure.,Refinement of learning insights.
Matthew Hughes,290,5,3,3,"Though a viable method, further application is needed for extended engagement.",5,Creative scent paths for cooperation.,3,The bonding idea is unique; further exploration for success needed.,Learning support for diverse capabilities.